path_category	observed_records	observed_schema	owner	role	canonical_source	canonical_read	package_preservation	mutation_required	blocker
software.json	1	implicit Software	selected software	current authority	bridge-manager/src/catalogue.rs	structural artifacts verified; typed Deck readback pending	predecessor retention source-owned; exact Deck plan pending	no	selected BG1 supervisor semantics
software/<selected>/native-catalogue.json	1	3 with onboarding_runtime 1	catalogue/UI1	current authority	bridge-manager/src/catalogue.rs	source decoder present; exact Deck readback pending	byte-exact copy contract; source digest and nonwritable verified	no	full package gate pending
software/**/*json except selected catalogue	572	mixed current and historical	software/package/qualification	selected host source and historical rollback/evidence	bridge-manager/src/catalogue.rs; bridge-manager/src/package_authority.rs	selected references verified only	unchanged by package contract	no	selected BG1 supervisor semantics
package-transition.json	0	absent	PKG0	current transition authority	bridge-manager/src/package_authority.rs	absence observed	no transition executed	no	none
user command/desktop/callback/association/service routes	6	owner markers and symlinks	setup_install/PKG0	current routes	bridge-manager/src/setup_install.rs	selected targets and markers observed	plan not applied; foreign-route preflight pending	no	selected BG1 supervisor semantics
registry.json	1	1 revision 165	registry	current authority	bridge-manager/src/lib.rs	JSON syntax and eight exact class identities observed; typed Deck readback pending	unchanged by package contract	no	selected BEAM and BEAM Filter runtime gap
publications/*/revisions/**/*json	156	mostly 1	publication	historical ancestry and current revisions	bridge-manager/src/publication.rs	source owner present; exact Deck readback pending	unchanged by package contract	no	selected BG1 runtime gap
transactions/*.json	238	1	publication transaction	current and historical recovery	bridge-manager/src/publication.rs; bridge-manager/src/operator_cli.rs	zero pending observed; historical typed readback pending	unchanged by package contract	no	none known
performance/*.json	2	1	performance	current selection	bridge-manager/src/lib.rs	source owner present; exact Deck readback pending	unchanged by package contract	no	none known
environments/*/environment.json	9	implicit Environment	environment/runner	current and historical environment authority	bridge-manager/src/lib.rs; bridge-manager/src/catalogue.rs	nine identities and runner policies observed; typed Deck readback pending	unchanged by package contract	no	BG1 V4 selected runtime owner missing
environments/*/installations/*.json	2	implicit historical	installer/environment	historical installation result	bridge-manager/src/onboarding.rs	source owner present; exact Deck readback pending	unchanged by package contract	no	none known
selected BG1 runner native-command-session.json	1	1	BG1 native command session	current selected runner component	bridge-manager/runtime/session.py; bridge-manager/runtime/ownership.py	file pinned and digest observed; runtime owner absent	bytes remain but execution semantics would change	no	independent BG1 integration required
runtime/leases/*.json	1	nonobject	capacity/keeper	current durable owner	bridge-manager/src/capacity.rs; bridge-manager/runtime/ownership.py	one normal keeper observed; exact record readback pending	unchanged by package contract	no	BG1 remote owner behavior absent
runtime/results/**/*.json	1753	mixed historical	runtime/session	historical terminal results	bridge-manager/src/capacity.rs; bridge-manager/runtime/session.py	source owner present; exact Deck readback pending	unchanged by package contract	no	BG1-shaped results require owner review
runtime/incidents/**/*.json	34	1 or implicit	incident	retained incident history	bridge-manager/src/operator_cli.rs	source owner present; exact Deck readback pending	unchanged by package contract	no	none known
runtime/graphics-diagnostics/**/*.json	62	mixed BG1 evidence	BG1 observer	evidence only	private BG1 observation owner	metadata bytes hashed; not interpreted as current authority	unchanged by package contract	no	separate from selected runtime component
installers/*.json	6	1	installer custody	current admitted installers	bridge-manager/src/installer_import.rs	source owner present; exact Deck readback pending	unchanged by package contract	no	none known
installers/presentation/*.json	1	1	UI1 presentation	current label sidecar	bridge-manager/src/installer_import.rs	source owner present; exact Deck readback pending	unchanged by package contract	no	none known
onboarding/*/record.json	8	1	UI1 onboarding	current/historical setup authority	bridge-manager/src/onboarding.rs	source owner present; exact Deck readback pending	unchanged by package contract	no	none known
onboarding/*/*-spec/result/policy/transaction*.json	21	1 2 3	UI1 installer transaction	installation history/recovery	bridge-manager/src/onboarding.rs	source owner present; exact Deck readback pending	unchanged by package contract	no	none known
inventory/**/*.json	18	1	inventory	current scan and history	bridge-manager/src/inventory.rs; bridge-manager/src/onboarding.rs	source owner present; exact Deck readback pending	unchanged by package contract	no	none known
preparation/candidates/*/candidate.json	20	1	UI2 candidate	immutable candidate history/current candidate	bridge-manager/src/preparation_cli.rs	source owner present; exact Deck readback pending	unchanged by package contract	no	none known
preparation/inspections/**/*.json	21	1	UI2 inspection	immutable inspection history	bridge-manager/src/preparation_cli.rs	source owner present; exact Deck readback pending	unchanged by package contract	no	none known
preparation/lineage/*/record.json	20	1	UI2 lineage	candidate ancestry	bridge-manager/src/preparation_cli.rs	source owner present; exact Deck readback pending	unchanged by package contract	no	none known
preparation/guided-checks/**/*.json	4	1	UI2 guided check	one completed intent/checkpoint/result	bridge-manager/src/preparation_cli.rs	source owner present; exact Deck readback pending	unchanged by package contract	no	none known
preparation/guided-results/**/*.json	2	1	UI2 guided result	one completed result intent/completion	bridge-manager/src/preparation_cli.rs	source owner present; exact Deck readback pending	unchanged by package contract	no	none known
preparation/observations,reviews,batches/**/*.json	23	1	UI2 test evidence	historical observations/reviews	bridge-manager/src/preparation_cli.rs	source owner present; exact Deck readback pending	unchanged by package contract	no	none known
operator/*/request.json	177	1-11 retained	operator history	historical request/recovery input	bridge-manager/src/operator_cli.rs; bridge-manager/src/operator_model.rs	private schema-11 explicitly admitted for historical UI2 recovery; exact Deck readback pending	unchanged by package contract	no	live schema remains 10
operator/*/result.json and latest.json	178	1	operator history	terminal receipts/latest result	bridge-manager/src/operator_cli.rs	source owner present; exact Deck readback pending	unchanged by package contract	no	none known
daw-workspaces/fl-studio/workspace.json	1	2	WD1 durable workspace	current FL and Serum authority	bridge-manager/src/daw_workspace.rs	installed workspace status read successfully; canonical typed readback pending	unchanged by package contract	no	none known
daw-workspaces/fl-studio/installations,product-installations,sessions/**/*.json	27	1 2 3	WD1 operation history	FL/Serum installation and session history	bridge-manager/src/daw_workspace.rs	installed status read successfully; canonical typed readback pending	unchanged by package contract	no	none known
daw-workspaces/fl-studio/runner-closures/**/*.json	mixed	1 or implicit	WD0 runner closure	historical/current selected FL runner	bridge-manager/src/daw_workspace.rs	source owner present; exact Deck readback pending	unchanged by package contract	no	none known
vendor-applications/**/*.json	528	1 2 3 or implicit	vendor app/dependency	current and historical app/dependency operations	bridge-manager/src/vendor_cli.rs; bridge-manager/src/vendor_product_cli.rs	source owner present; exact Deck readback pending	unchanged by package contract	no	none known
profiles/**/*.json	57	1	compatibility profile	installed profile and revisions	bridge-manager/src/profiles.rs	source owner present; exact Deck readback pending	unchanged by package contract	no	none known
private-rollback/**/*.json	37	1 or implicit	runner/vendor rollback	historical rollback authority	bridge-manager/src/experimental_runner.rs; bridge-manager/src/native_access_runner.rs	BG1 transition histories not yet reconciled with public owner	unchanged by package contract	no	BG1 integration required for exact rollback meaning
censuses/**/*.json	65	1	census	current/historical discovery evidence	bridge-manager/src/inventory.rs	source owner present; exact Deck readback pending	unchanged by package contract	no	none known
